date,total_deaths,icu_patients,hosp_patients,stringency_index,reproduction_rate,total_tests,positive_rate
2020-01-22,NA,NA,NA,0,NA,NA,NA
2020-01-23,NA,NA,NA,0,NA,NA,NA
2020-01-24,NA,NA,NA,0,NA,NA,NA
2020-01-25,NA,NA,NA,0,NA,NA,NA
2020-01-26,NA,NA,NA,0,NA,NA,NA
2020-01-27,NA,NA,NA,0,NA,NA,NA
2020-01-28,NA,NA,NA,0,NA,NA,NA
2020-01-29,NA,NA,NA,0,NA,NA,NA
2020-01-30,NA,NA,NA,0,NA,NA,NA
2020-01-31,NA,NA,NA,0,NA,NA,NA
2020-02-01,NA,NA,NA,0,NA,NA,NA
2020-02-02,NA,NA,NA,5.56,NA,NA,NA
2020-02-03,NA,NA,NA,5.56,NA,NA,NA
2020-02-04,NA,NA,NA,5.56,NA,NA,NA
2020-02-05,NA,NA,NA,5.56,NA,NA,NA
2020-02-06,NA,NA,NA,5.56,NA,NA,NA
2020-02-07,NA,NA,NA,5.56,NA,NA,NA
2020-02-08,NA,NA,NA,5.56,NA,NA,NA
2020-02-09,NA,NA,NA,5.56,NA,NA,NA
2020-02-10,NA,NA,NA,5.56,NA,NA,NA
2020-02-11,NA,NA,NA,5.56,NA,NA,NA
2020-02-12,NA,NA,NA,5.56,NA,NA,NA
2020-02-13,NA,NA,NA,5.56,NA,NA,NA
2020-02-14,NA,NA,NA,5.56,NA,NA,NA
2020-02-15,NA,NA,NA,5.56,NA,NA,NA
2020-02-16,NA,NA,NA,5.56,NA,NA,NA
2020-02-17,NA,NA,NA,5.56,NA,NA,NA
2020-02-18,NA,NA,NA,5.56,NA,NA,NA
2020-02-19,NA,NA,NA,5.56,NA,NA,NA
2020-02-20,NA,NA,NA,5.56,NA,NA,NA
2020-02-21,NA,NA,NA,5.56,NA,NA,NA
2020-02-22,NA,NA,NA,5.56,NA,NA,NA
2020-02-23,NA,NA,NA,5.56,NA,NA,NA
2020-02-24,NA,NA,NA,5.56,NA,NA,NA
2020-02-25,NA,NA,NA,5.56,NA,NA,NA
2020-02-26,NA,NA,NA,5.56,NA,NA,NA
2020-02-27,NA,NA,NA,5.56,NA,NA,NA
2020-02-28,NA,NA,NA,5.56,NA,NA,NA
2020-02-29,1,NA,NA,5.56,NA,NA,NA
2020-03-01,1,NA,NA,8.33,NA,348,NA
2020-03-02,6,NA,NA,11.11,NA,861,NA
2020-03-03,7,NA,NA,11.11,NA,1483,NA
2020-03-04,11,NA,NA,11.11,NA,2369,NA
2020-03-05,12,NA,NA,20.37,3.61,3570,NA
2020-03-06,14,NA,NA,20.37,3.56,5092,NA
2020-03-07,17,NA,NA,20.37,3.58,6863,NA
2020-03-08,21,NA,NA,20.37,3.46,8502,0.06
2020-03-09,22,NA,NA,20.37,3.33,10898,0.054
2020-03-10,28,NA,NA,20.37,3.36,14363,0.055
2020-03-11,33,NA,NA,21.76,3.42,19189,0.062
2020-03-12,43,NA,NA,30.09,3.4,28057,0.057
2020-03-13,51,NA,NA,30.09,3.42,39766,0.057
2020-03-14,58,NA,NA,35.65,3.38,52756,0.056
2020-03-15,70,NA,NA,41.2,3.41,67181,0.046
2020-03-16,97,NA,NA,52.31,3.61,94452,0.049
2020-03-17,134,NA,NA,55.09,3.66,134207,0.048
2020-03-18,194,NA,NA,55.09,3.64,184561,0.049
2020-03-19,266,NA,NA,67.13,3.61,245037,0.056
2020-03-20,372,NA,NA,67.13,3.51,321195,0.063
2020-03-21,475,NA,NA,72.69,3.33,396886,0.067
2020-03-22,603,NA,NA,72.69,3.21,470739,0.079
2020-03-23,792,NA,NA,72.69,2.99,550409,0.091
2020-03-24,1033,NA,NA,72.69,2.75,654915,0.096
2020-03-25,1369,NA,NA,72.69,2.55,769532,0.102
2020-03-26,1785,NA,NA,72.69,2.41,898748,0.112
2020-03-27,2304,NA,NA,72.69,2.29,1034505,0.12
2020-03-28,2977,NA,NA,72.69,2.2,1156164,0.13
2020-03-29,3569,NA,NA,72.69,2.11,1266364,0.137
2020-03-30,4280,NA,NA,72.69,2.01,1389793,0.143
2020-03-31,5362,NA,NA,72.69,1.92,1532004,0.155
2020-04-01,6636,NA,NA,72.69,1.83,1685088,0.17
2020-04-02,8151,NA,NA,72.69,1.71,1846802,0.179
2020-04-03,9558,NA,NA,72.69,1.63,2016038,0.187
2020-04-04,11167,NA,NA,72.69,1.56,2163729,0.195
2020-04-05,12799,NA,NA,72.69,1.49,2302335,0.2
2020-04-06,14536,NA,NA,72.69,1.41,2445360,0.205
2020-04-07,17106,NA,NA,72.69,1.33,2625238,0.202
2020-04-08,19260,NA,NA,72.69,1.26,2793472,0.199
2020-04-09,21475,NA,NA,72.69,1.2,2967433,0.2
2020-04-10,23663,NA,NA,72.69,1.16,3139431,0.201
2020-04-11,25801,NA,NA,72.69,1.13,3349836,0.188
2020-04-12,27693,NA,NA,72.69,1.1,3461351,0.19
2020-04-13,29675,NA,NA,72.69,1.07,3575459,0.191
2020-04-14,32128,NA,NA,72.69,1.04,3737950,0.192
2020-04-15,34719,NA,NA,72.69,1.01,3910200,0.186
2020-04-16,36917,NA,NA,72.69,1,4094331,0.179
2020-04-17,39030,NA,NA,72.69,1.01,4292797,0.174
2020-04-18,40970,NA,NA,72.69,1.02,4459915,0.18
2020-04-19,42959,NA,NA,72.69,1.03,4594212,0.175
2020-04-20,45203,NA,NA,72.69,1.03,4754546,0.171
2020-04-21,47662,NA,NA,72.69,1.02,4975689,0.16
2020-04-22,50135,NA,NA,72.69,1.01,5211451,0.155
2020-04-23,52570,NA,NA,72.69,1,5444545,0.152
2020-04-24,54748,NA,NA,72.69,1,5703923,0.145
2020-04-25,56472,NA,NA,72.69,1,5923429,0.141
2020-04-26,57885,NA,NA,72.69,0.99,6094972,0.138
2020-04-27,59380,NA,NA,72.69,0.97,6320738,0.129
2020-04-28,61608,NA,NA,72.69,0.97,6590417,0.124
2020-04-29,64006,NA,NA,72.69,0.96,6885123,0.118
2020-04-30,66187,NA,NA,72.69,0.96,7207599,0.11
2020-05-01,68098,NA,NA,72.69,0.97,7544204,0.106
2020-05-02,69833,NA,NA,72.69,0.96,7812502,0.102
2020-05-03,71032,NA,NA,72.69,0.96,8028019,0.099
2020-05-04,72409,NA,NA,72.69,0.95,8278838,0.097
2020-05-05,74616,NA,NA,72.69,0.94,8598284,0.095
2020-05-06,76937,NA,NA,72.69,0.92,8957875,0.091
2020-05-07,78856,NA,NA,72.69,0.91,9320418,0.089
2020-05-08,80615,NA,NA,72.69,0.91,9723931,0.082
2020-05-09,82084,NA,NA,72.69,0.91,10059447,0.079
2020-05-10,83075,NA,NA,72.69,0.9,10308310,0.075
2020-05-11,84112,NA,NA,72.69,0.91,10628174,0.071
2020-05-12,85709,NA,NA,72.69,0.91,11049987,0.067
2020-05-13,87432,NA,NA,72.69,0.92,11500234,0.063
2020-05-14,89207,NA,NA,72.69,0.93,11950297,0.061
2020-05-15,90872,NA,NA,72.69,0.93,12395669,0.059
2020-05-16,92073,NA,NA,72.69,0.94,12761382,0.058
2020-05-17,92902,NA,NA,72.69,0.95,13065728,0.057
2020-05-18,94130,NA,NA,72.69,0.96,13418583,0.057
2020-05-19,95582,NA,NA,72.69,0.96,13852291,0.056
2020-05-20,97081,NA,NA,72.69,0.96,14315119,0.057
2020-05-21,98268,NA,NA,72.69,0.95,14774654,0.056
2020-05-22,99493,NA,NA,72.69,0.94,15266382,0.055
2020-05-23,100573,NA,NA,72.69,0.94,15656349,0.054
2020-05-24,101213,NA,NA,72.69,0.95,16002791,0.053
2020-05-25,101811,NA,NA,72.69,0.94,16331825,0.053
2020-05-26,102489,NA,NA,72.69,0.94,16792956,0.052
2020-05-27,103942,NA,NA,72.69,0.94,17346050,0.049
2020-05-28,105035,NA,NA,72.69,0.95,17881513,0.046
2020-05-29,106161,NA,NA,72.69,0.97,18427700,0.046
2020-05-30,107115,NA,NA,72.69,0.98,18881046,0.046
2020-05-31,107733,NA,NA,72.69,0.98,19254221,0.045
2020-06-01,108501,NA,NA,72.69,0.98,19693040,0.043
2020-06-02,109482,NA,NA,72.69,0.98,20214597,0.043
2020-06-03,110489,NA,NA,72.69,0.98,20796656,0.043
2020-06-04,111487,NA,NA,72.69,0.98,21414815,0.042
2020-06-05,112376,NA,NA,72.69,0.98,21987569,0.042
2020-06-06,113018,NA,NA,72.69,0.98,22451834,0.041
2020-06-07,113478,NA,NA,72.69,0.99,22857356,0.04
2020-06-08,113986,NA,NA,72.69,0.99,23306402,0.04
2020-06-09,114894,NA,NA,72.69,1,23866603,0.039
2020-06-10,115771,NA,NA,72.69,1.02,24495297,0.039
2020-06-11,116597,NA,NA,72.69,1.04,25110024,0.039
2020-06-12,117424,NA,NA,72.69,1.06,25726494,0.039
2020-06-13,118163,NA,NA,72.69,1.08,26258072,0.039
2020-06-14,118507,NA,NA,72.69,1.09,26671113,0.039
2020-06-15,118905,NA,NA,68.98,1.11,27177487,0.039
2020-06-16,119715,NA,NA,68.98,1.14,27850239,0.039
2020-06-17,120454,NA,NA,68.98,1.16,28555966,0.04
2020-06-18,121145,NA,NA,68.98,1.19,29257783,0.041
2020-06-19,121774,NA,NA,68.98,1.21,29961905,0.041
2020-06-20,122330,NA,NA,68.98,1.24,30545935,0.042
2020-06-21,122650,NA,NA,68.98,1.25,30967224,0.044
2020-06-22,123056,NA,NA,68.98,1.27,31515029,0.046
2020-06-23,123804,NA,NA,68.98,1.29,32215409,0.049
2020-06-24,124541,NA,NA,68.98,1.29,32982173,0.05
2020-06-25,125079,NA,NA,68.98,1.29,33753473,0.052
2020-06-26,125707,NA,NA,68.98,1.3,34563180,0.054
2020-06-27,126214,NA,NA,68.98,1.3,35256629,0.055
2020-06-28,126530,NA,NA,68.98,1.29,35822766,0.056
2020-06-29,126916,NA,NA,68.98,1.29,36487546,0.057
2020-06-30,127471,NA,NA,68.98,1.28,37343496,0.057
2020-07-01,128171,NA,NA,68.98,1.27,38228005,0.059
2020-07-02,128881,NA,NA,68.98,1.25,39086474,0.061
2020-07-03,129551,NA,NA,68.98,1.23,39887485,0.062
2020-07-04,129866,NA,NA,68.98,1.22,40507987,0.064
2020-07-05,130192,NA,NA,68.98,1.22,41034853,0.066
2020-07-06,130569,NA,NA,68.98,1.21,41760153,0.066
2020-07-07,131728,NA,NA,68.98,1.22,42663382,0.068
2020-07-08,132550,NA,NA,68.98,1.21,43643843,0.068
2020-07-09,133569,NA,NA,68.98,1.2,44655476,0.067
2020-07-10,134383,NA,NA,68.98,1.2,45671365,0.068
2020-07-11,135112,NA,NA,68.98,1.19,46511401,0.067
2020-07-12,135584,NA,NA,68.98,1.19,47209159,0.067
2020-07-13,136031,NA,NA,68.98,1.18,48076999,0.068
2020-07-14,136946,NA,NA,68.98,1.16,49080740,0.068
2020-07-15,137927,9245,33755,68.98,1.15,50115840,0.069
2020-07-16,138879,9797,38532,68.98,1.13,51144711,0.07
2020-07-17,139803,10700,40057,68.98,1.11,52191692,0.071
2020-07-18,140660,10963,40372,68.98,1.1,53103902,0.07
2020-07-19,141145,10271,37895,68.98,1.09,53822020,0.07
2020-07-20,141707,11291,41136,67.13,1.07,54729376,0.071
2020-07-21,142792,11458,42192,67.13,1.06,55765471,0.07
2020-07-22,144015,12487,46104,67.13,1.04,56874843,0.069
2020-07-23,145083,13910,47824,67.13,1.03,57958368,0.068
2020-07-24,146187,13624,46744,67.13,1.02,59032745,0.068
2020-07-25,147119,14400,51826,67.13,1.02,59914345,0.068
2020-07-26,147650,12401,42808,67.13,1.01,60591661,0.068
2020-07-27,148777,14234,47184,67.13,1,61389228,0.068
2020-07-28,150108,14585,48127,67.13,0.99,62357117,0.069
2020-07-29,151516,14027,45631,67.13,0.98,63397419,0.07
2020-07-30,152752,14659,46849,67.13,0.96,64435482,0.07
2020-07-31,153989,14611,46176,67.13,0.95,65425409,0.071
2020-08-01,155076,14401,50428,67.13,0.93,66217763,0.07
2020-08-02,155514,14054,50246,67.13,0.92,66841889,0.069
2020-08-03,156097,14252,45319,67.13,0.91,67618569,0.068
2020-08-04,157381,14121,45154,67.13,0.92,68502276,0.067
2020-08-05,158821,14063,44678,67.13,0.91,69467647,0.065
2020-08-06,160058,13887,43891,67.13,0.91,70457924,0.065
2020-08-07,161301,13769,43220,67.13,0.91,71473140,0.063
2020-08-08,162371,13358,41603,67.13,0.92,72288433,0.062
2020-08-09,162892,13164,41491,67.13,0.92,72914810,0.062
2020-08-10,163526,13184,42092,67.13,0.93,73699582,0.062
2020-08-11,164550,13061,41666,67.13,0.92,74608632,0.06
2020-08-12,166054,12871,41838,67.13,0.92,75636689,0.06
2020-08-13,167118,12655,41210,67.13,0.92,76616575,0.059
2020-08-14,168455,12518,40010,67.13,0.92,77577741,0.06
2020-08-15,169455,12249,38711,67.13,0.9,78345268,0.06
2020-08-16,170070,11994,38862,67.13,0.9,78917785,0.059
2020-08-17,170563,11974,39062,67.13,0.89,79594335,0.058
2020-08-18,171790,11962,38916,67.13,0.89,80489417,0.058
2020-08-19,173125,11578,38024,67.13,0.88,81494016,0.057
2020-08-20,174230,11268,37339,67.13,0.88,82490213,0.055
2020-08-21,175313,11062,35960,67.13,0.88,83455232,0.052
2020-08-22,176222,10780,34893,67.13,0.89,84249383,0.052
2020-08-23,176768,10739,34614,67.13,0.9,84811042,0.051
2020-08-24,177244,10696,34805,67.13,0.91,85477574,0.051
2020-08-25,178467,10609,34498,67.13,0.92,86383091,0.05
2020-08-26,179629,10391,33643,67.13,0.93,87400706,0.049
2020-08-27,180742,9911,33302,67.13,0.93,88420981,0.049
2020-08-28,181717,9887,31908,67.13,0.93,89407985,0.049
2020-08-29,182633,9697,31178,67.13,0.94,90206195,0.049
2020-08-30,183074,9549,31074,67.13,0.94,90820831,0.048
2020-08-31,183616,9513,31403,67.13,0.95,91482351,0.048
2020-09-01,184643,9476,31126,67.13,0.95,92389849,0.049
2020-09-02,185716,9367,30842,67.13,0.95,93416495,0.048
2020-09-03,186746,9239,30317,67.13,0.95,94448609,0.048
2020-09-04,187703,9231,29897,67.13,0.94,95447346,0.048
2020-09-05,188460,9091,28849,67.13,0.93,96263279,0.048
2020-09-06,188929,9013,28378,67.13,0.91,96828503,0.048
2020-09-07,189243,8977,28593,67.13,0.89,97242741,0.048
2020-09-08,189700,8976,28963,67.13,0.89,97905860,0.047
2020-09-09,190859,8789,28787,67.13,0.92,98864289,0.047
2020-09-10,191781,8594,28035,67.13,0.95,99951341,0.045
2020-09-11,192935,8534,27378,67.13,0.98,101050980,0.043
2020-09-12,193645,8314,26517,62.5,1,101916074,0.043
2020-09-13,194073,8263,26335,62.5,1.02,102543190,0.043
2020-09-14,194507,8269,26800,62.5,1.03,103251315,0.042
2020-09-15,195706,8163,26948,62.5,1.04,104218071,0.042
2020-09-16,196663,8077,26387,62.5,1.05,105356945,0.042
2020-09-17,197520,8028,26102,62.5,1.06,106514348,0.043
2020-09-18,198409,7973,25850,62.5,1.06,107743223,0.042
2020-09-19,199139,7836,25496,62.5,1.07,108681255,0.042
2020-09-20,199406,7844,25558,62.5,1.08,109305050,0.043
2020-09-21,199830,7859,26391,62.5,1.09,110054567,0.045
2020-09-22,200858,7864,26443,62.5,1.06,111083620,0.045
2020-09-23,201920,7863,26487,62.5,1.04,112288101,0.044
2020-09-24,202818,7832,26409,62.5,1.03,113490097,0.044
2020-09-25,203759,7815,26277,62.5,1.02,114619472,0.045
2020-09-26,204528,7798,25907,62.5,1.02,115558083,0.045
2020-09-27,204843,8069,25973,62.5,1.02,116155251,0.045
2020-09-28,205199,7917,27019,62.5,1.01,116822602,0.043
2020-09-29,206062,8045,27503,62.5,1.02,117806640,0.044
2020-09-30,207016,8072,27666,62.5,1.03,119007011,0.044
2020-10-01,207885,8007,27471,62.5,1.03,120231009,0.043
2020-10-02,208739,7958,27408,62.5,1.05,121422488,0.044
2020-10-03,209422,7965,27265,62.5,1.06,122398480,0.044
2020-10-04,209796,8120,27865,62.5,1.06,123039190,0.044
2020-10-05,210279,8333,28947,62.5,1.07,123845822,0.044
2020-10-06,210964,8569,29982,62.5,1.09,125072837,0.043
2020-10-07,211881,8638,30524,62.5,1.1,126484991,0.043
2020-10-08,212872,8624,30997,62.5,1.11,127915696,0.043
2020-10-09,213841,8723,31197,62.5,1.11,129316080,0.042
2020-10-10,214500,8730,30979,62.5,1.11,130419656,0.043
2020-10-11,214971,8819,31433,62.5,1.11,131167245,0.043
2020-10-12,215370,9047,32758,62.5,1.11,131976136,0.044
2020-10-13,216170,9411,33497,66.2,1.13,133040585,0.045
2020-10-14,217157,9291,33899,66.2,1.14,134269414,0.047
2020-10-15,217994,9478,34379,66.2,1.15,135572133,0.049
2020-10-16,218938,9538,34630,66.2,1.15,136901467,0.051
2020-10-17,219704,9516,34311,66.2,1.14,138017450,0.051
2020-10-18,220195,9725,35002,66.2,1.16,138787752,0.052
2020-10-19,220678,10075,36429,66.2,1.17,139662806,0.055
2020-10-20,221603,10215,37400,66.2,1.17,140939597,0.054
2020-10-21,222726,10452,38130,66.2,1.17,142418933,0.053
2020-10-22,223617,10647,38836,66.2,1.18,143950809,0.053
2020-10-23,224580,10707,39065,66.2,1.19,145415904,0.054
2020-10-24,225534,10707,39328,66.2,1.19,146595269,0.056
2020-10-25,225995,10850,39976,66.2,1.18,147388437,0.058
2020-10-26,226528,11110,41337,62.5,1.19,148341762,0.057
2020-10-27,227500,11429,42266,62.5,1.19,149681480,0.058
2020-10-28,228533,11655,43468,62.5,1.2,151184780,0.06
2020-10-29,229537,11818,44160,62.5,1.22,152669856,0.062
2020-10-30,230594,11847,45081,62.5,1.23,154170609,0.064
2020-10-31,231519,11898,45104,62.5,1.25,155390368,0.064
2020-11-01,232026,12128,46057,62.5,1.28,156289659,0.068
2020-11-02,232598,12590,47938,62.5,1.28,157305898,0.07
2020-11-03,234176,12924,49061,62.5,1.29,158669851,0.075
2020-11-04,235283,13002,50458,62.5,1.27,160301642,0.077
2020-11-05,236448,13227,51770,62.5,1.27,161997081,0.079
2020-11-06,237673,13356,52823,62.5,1.26,163673679,0.081
2020-11-07,238763,13478,53806,62.5,1.26,165128872,0.083
2020-11-08,239337,14008,55701,62.5,1.26,166139512,0.083
2020-11-09,240112,14409,58461,65.28,1.26,167362868,0.085
2020-11-10,241528,14836,61411,65.28,1.26,168900893,0.085
2020-11-11,242963,15117,63323,65.28,1.26,170691439,0.087
2020-11-12,244172,15593,65193,65.28,1.26,172544159,0.089
2020-11-13,245372,15866,66075,65.28,1.25,174447657,0.092
2020-11-14,246719,16238,67208,65.28,1.24,176045353,0.095
2020-11-15,247499,16808,69509,65.28,1.22,177241920,0.095
2020-11-16,248334,17538,73093,75.46,1.21,178731922,0.097
2020-11-17,250045,18088,75491,75.46,1.19,180636195,0.096
2020-11-18,251960,18331,77311,75.46,1.18,182734160,0.095
2020-11-19,254014,18742,78337,75.46,1.16,184808248,0.096
2020-11-20,255974,18916,79728,75.46,1.14,186956345,0.095
2020-11-21,257597,19091,79847,75.46,1.12,188811600,0.094
2020-11-22,258635,19658,81780,75.46,1.11,190232956,0.094
2020-11-23,259736,20176,84159,75.46,1.09,191904941,0.093
2020-11-24,261867,20573,86021,75.46,1.06,193875291,0.094
2020-11-25,264127,20831,87104,75.46,1.04,196098836,0.093
2020-11-26,265514,21026,86540,75.46,1.02,197604213,0.091
2020-11-27,267068,21329,88091,75.46,1.03,199114773,0.097
2020-11-28,268434,21484,89591,75.46,1.04,200461724,0.099
2020-11-29,269476,21920,92441,75.46,1.06,201612589,0.101
2020-11-30,270820,22501,95090,75.46,1.08,203076507,0.102
2020-12-01,273365,22870,96668,75.46,1.11,204918459,0.104
2020-12-02,276183,22963,97828,71.76,1.13,207014819,0.107
2020-12-03,279120,23043,97836,71.76,1.14,209160823,0.111
2020-12-04,281817,23122,98126,71.76,1.14,211277214,0.107
2020-12-05,284181,23171,97229,71.76,1.14,212967771,0.109
2020-12-06,285544,23435,98639,71.76,1.13,214259755,0.111
2020-12-07,287144,23892,101012,71.76,1.12,215798634,0.113
2020-12-08,289765,24195,102291,71.76,1.11,217711469,0.115
2020-12-09,292946,24614,104357,71.76,1.1,219833767,0.117
2020-12-10,295940,24636,105031,71.76,1.09,222013854,0.117
2020-12-11,299347,24747,105632,71.76,1.08,224068605,0.118
2020-12-12,301825,24633,105336,71.76,1.07,225789742,0.118
2020-12-13,303462,25073,107383,71.76,1.06,227037921,0.119
2020-12-14,305112,25560,109674,71.76,1.05,228529766,0.119
2020-12-15,308198,25812,110978,71.76,1.04,230472582,0.118
2020-12-16,311876,25970,111984,71.76,1.04,232547769,0.12
2020-12-17,315378,25890,112422,71.76,1.03,234598622,0.122
2020-12-18,318344,25948,112091,71.76,1.02,236618833,0.123
2020-12-19,321023,25802,111066,71.76,0.99,238329026,0.121
2020-12-20,322755,26055,112375,71.76,0.99,239604586,0.121
2020-12-21,324655,26429,114614,71.76,0.98,241131258,0.121
2020-12-22,328054,26729,117491,71.76,0.96,243117413,0.12
2020-12-23,331477,26925,118074,71.76,0.94,245394971,0.117
2020-12-24,334373,26711,116237,71.76,0.92,247284988,0.114
2020-12-25,335831,26556,113455,71.76,0.91,248361980,0.111
2020-12-26,337722,26732,115483,71.76,0.94,249353612,0.121
2020-12-27,339159,27060,118953,71.76,0.97,250298793,0.122
2020-12-28,341161,27515,121394,71.76,1,251588805,0.122
2020-12-29,344779,27779,122628,71.76,1.02,253453398,0.124
2020-12-30,348571,27696,123884,71.76,1.04,255640196,0.125
2020-12-31,351999,27747,123313,71.76,1.06,257560978,0.129
2021-01-01,354134,27470,121028,71.76,1.07,258804348,0.132
2021-01-02,356691,27614,122642,71.76,1.1,259913733,0.138
2021-01-03,358148,28005,125567,71.76,1.1,260955816,0.141
2021-01-04,360242,28264,127396,71.76,1.1,262350191,0.141
2021-01-05,363932,28526,128825,71.76,1.11,264304746,0.143
2021-01-06,367824,28607,129767,71.76,1.11,266624790,0.143
2021-01-07,371828,28491,128780,71.76,1.11,268878160,0.143
2021-01-08,375926,28366,127852,71.76,1.1,271023276,0.144
2021-01-09,379231,28188,126383,71.76,1.07,272736201,0.134
2021-01-10,381249,28369,126480,71.76,1.05,273895647,0.133
2021-01-11,383348,28738,127584,71.76,1.02,275412929,0.134
2021-01-12,387808,28889,127027,71.76,0.99,277434045,0.133
2021-01-13,391802,28732,126526,71.76,0.97,279533514,0.133
2021-01-14,395769,28525,133210,71.76,0.94,281603468,0.132
2021-01-15,399681,28419,123739,71.76,0.93,283633791,0.129
2021-01-16,403100,28117,121075,71.76,0.9,285215515,0.125
2021-01-17,405001,27887,120775,71.76,0.89,286283042,0.124
2021-01-18,406561,27827,120365,71.76,0.87,287568779,0.12
2021-01-19,409267,27580,119333,71.76,0.86,289373108,0.118
2021-01-20,413680,26999,117096,71.76,0.86,291500331,0.114
2021-01-21,417866,26512,114047,71.76,0.85,293545530,0.11
2021-01-22,421689,26000,111778,71.76,0.85,295463592,0.107
2021-01-23,425063,25359,108073,71.76,0.85,297007556,0.105
2021-01-24,426928,25119,106967,71.76,0.85,298007672,0.101
2021-01-25,428902,24999,106231,71.76,0.85,299236722,0.103
2021-01-26,432924,24893,104580,71.76,0.85,301014043,0.1
2021-01-27,436870,24355,102616,71.76,0.84,303072674,0.098
2021-01-28,440882,23784,100016,71.76,0.84,304973363,0.098
2021-01-29,444526,23118,96083,71.76,0.84,306809281,0.096
2021-01-30,447323,22704,92518,71.76,0.83,308242455,0.095
2021-01-31,449186,22497,91414,71.76,0.83,309187506,0.093
2021-02-01,451267,22226,90558,71.76,0.82,310221986,0.093
2021-02-02,454687,21761,88968,71.76,0.81,311857755,0.092
2021-02-03,458569,21400,87240,68.06,0.8,313729772,0.09
2021-02-04,462316,20867,84561,68.06,0.79,315661154,0.086
2021-02-05,465981,20350,82086,68.06,0.79,317493361,0.083
2021-02-06,468667,19858,79063,68.06,0.78,318827989,0.08
2021-02-07,470108,19371,77821,68.06,0.78,319657755,0.079
2021-02-08,471722,19322,76830,68.06,0.78,320702308,0.074
2021-02-09,474771,18926,75588,68.06,0.77,322397418,0.072
2021-02-10,478076,18311,72820,68.06,0.77,324039030,0.071
2021-02-11,481290,17710,70070,68.06,0.77,325456825,0.073
2021-02-12,484220,17331,67507,68.06,0.76,326871198,0.073
2021-02-13,486418,16862,64732,68.06,0.75,327974313,0.073
2021-02-14,487590,16346,63266,68.06,0.75,328638671,0.071
2021-02-15,488553,16225,62187,68.06,0.74,329438534,0.069
2021-02-16,490299,15919,61479,68.06,0.74,330690291,0.069
2021-02-17,492695,15577,62225,68.06,0.75,332162851,0.067
2021-02-18,495209,15022,58280,68.06,0.77,333578731,0.063
2021-02-19,497834,14493,56714,68.06,0.79,334934047,0.061
2021-02-20,499671,14112,54375,68.06,0.82,335993159,0.059
2021-02-21,500909,13724,53589,68.06,0.84,336677526,0.058
2021-02-22,502223,13671,53001,68.06,0.85,337718275,0.056
2021-02-23,504498,13354,51948,68.06,0.87,339363815,0.055
2021-02-24,507681,12891,50933,68.06,0.88,341053228,0.054
2021-02-25,510114,12466,49042,68.06,0.89,342666561,0.054
2021-02-26,512193,12167,47223,68.06,0.89,344144800,0.053
2021-02-27,513715,11718,45328,68.06,0.88,345220148,0.052
2021-02-28,514807,11555,44867,68.06,0.89,345853855,0.052
2021-03-01,516322,11365,43728,68.06,0.88,346849118,0.052
2021-03-02,518263,11042,42657,68.06,0.88,348462703,0.051
2021-03-03,520744,10748,42166,68.06,0.88,350201758,0.05
2021-03-04,522666,10555,40159,64.35,0.88,351756357,0.049
2021-03-05,524469,10323,39565,64.35,0.88,353188690,0.048
2021-03-06,525979,10028,38188,64.35,0.88,354256321,0.047
2021-03-07,526682,9847,37751,64.35,0.88,354866206,0.046
2021-03-08,527418,9789,37668,64.35,0.88,355844089,0.045
2021-03-09,529223,9611,37015,64.35,0.9,357386116,0.045
2021-03-10,530793,9455,36642,64.35,0.9,359002216,0.045
2021-03-11,532351,9242,35897,64.35,0.91,360501877,0.044
2021-03-12,533896,9120,35627,64.35,0.92,361901781,0.044
2021-03-13,534927,8907,34967,64.35,0.93,362927465,0.044
2021-03-14,535512,8775,34396,64.35,0.95,363506953,0.043
2021-03-15,536260,8788,34685,64.35,0.96,364454864,0.045
2021-03-16,537439,8736,34561,64.35,0.96,365952779,0.045
2021-03-17,538666,8682,34581,64.35,0.96,367570545,0.045
2021-03-18,540312,8521,34089,64.35,0.97,369045650,0.045
2021-03-19,541439,8422,34019,64.35,0.98,370389582,0.045
2021-03-20,542179,8241,33199,64.35,1,371379578,0.046
2021-03-21,542667,8128,33266,64.35,1.01,371993542,0.045
2021-03-22,543388,8346,33724,66.2,1.03,372968495,0.044
2021-03-23,544263,8377,33978,61.57,1.06,374499019,0.044
2021-03-24,545773,8488,34352,61.57,1.1,376156553,0.047
2021-03-25,547173,8336,34348,61.57,1.09,377602635,0.048
2021-03-26,548324,8328,34620,61.57,1.09,378975796,0.05
2021-03-27,549120,8200,33932,61.57,1.08,379974642,0.05
2021-03-28,549645,8358,34449,61.57,1.08,380597880,0.051
2021-03-29,550349,8438,35012,58.8,1.07,381605164,0.053
2021-03-30,551232,8574,35408,56.94,1.05,383137567,0.054
2021-03-31,552310,8504,35555,56.94,1.04,384717249,0.052
2021-04-01,553387,8472,35558,56.94,1.05,386158516,0.054
2021-04-02,554341,8469,35599,56.94,1.04,387501725,0.053
2021-04-03,555092,8544,35184,56.94,1.04,388471263,0.053
2021-04-04,555389,8608,35667,56.94,1.04,389035137,0.053
2021-04-05,555894,8851,36618,56.94,1.05,389982473,0.054
2021-04-06,556754,9012,37544,56.94,1.05,391533403,0.054
2021-04-07,559348,9025,37741,56.94,1.06,393198164,0.054
2021-04-08,560376,9195,37946,56.94,1.06,394711428,0.054
2021-04-09,561267,9146,37846,56.94,1.06,396160051,0.055
2021-04-10,561979,9130,37539,56.94,1.05,397170005,0.055
2021-04-11,562284,9248,38087,56.94,1.05,397813685,0.056
2021-04-12,562758,9455,38924,56.94,1.04,398865464,0.054
2021-04-13,563589,9540,39199,56.94,1.03,400474406,0.056
2021-04-14,564545,9588,39464,56.94,1.01,402144902,0.056
2021-04-15,565451,9480,39183,56.94,0.99,403624981,0.055
2021-04-16,566330,9533,39407,56.94,0.97,405075067,0.055
2021-04-17,567030,9553,39006,56.94,0.95,406081617,0.054
2021-04-18,567369,9634,39458,56.94,0.95,406693465,0.053
2021-04-19,567866,9831,40209,56.94,0.94,407709869,0.053
2021-04-20,568709,9920,40204,56.94,0.92,409276628,0.052
2021-04-21,569569,9921,40045,56.94,0.91,410927396,0.05
2021-04-22,570537,9847,39192,56.94,0.9,412420128,0.049
2021-04-23,571315,9709,38550,56.94,0.89,413828036,0.048
2021-04-24,572066,9576,37355,56.94,0.88,414821220,0.048
2021-04-25,572359,9550,37130,56.94,0.88,415410373,0.047
2021-04-26,572849,9762,37537,56.94,0.87,416406127,0.044
2021-04-27,573503,9669,37201,56.94,0.87,417977489,0.043
2021-04-28,574471,9540,36881,56.94,0.87,419552898,0.043
2021-04-29,575348,9375,35991,56.94,0.87,420969662,0.042
2021-04-30,576098,9245,35359,56.94,0.87,422281703,0.042
2021-05-01,576814,9108,34000,56.94,0.87,423184411,0.042
2021-05-02,577154,9078,33759,56.94,0.87,423705909,0.042
2021-05-03,577654,9214,33959,56.94,0.86,424599580,0.042
2021-05-04,578530,9185,33745,56.94,0.84,426019240,0.042
2021-05-05,579325,8959,33337,56.94,0.83,427545203,0.041
2021-05-06,580123,8838,32498,56.94,0.83,428851392,0.04
2021-05-07,580882,8651,31828,56.94,0.82,430025018,0.04
2021-05-08,581513,8472,30629,56.94,0.82,430875292,0.038
2021-05-09,581762,8362,30148,52.31,0.82,431358564,0.037
2021-05-10,582174,8344,29986,52.31,0.81,432215169,0.036
2021-05-11,582862,8301,29481,52.31,0.81,433545377,0.035
2021-05-12,583631,8117,29112,52.31,0.8,434885497,0.035
2021-05-13,584398,7919,28171,52.31,0.81,436077425,0.034
2021-05-14,585055,7630,27416,52.31,0.81,437159797,0.034
2021-05-15,585555,7410,26177,52.31,0.81,437946262,0.034
2021-05-16,585832,7271,25640,52.31,0.8,438399411,0.033
2021-05-17,586228,7300,25556,52.31,0.79,439195218,0.032
2021-05-18,586999,7162,25014,52.31,0.78,440407686,0.032
2021-05-19,587676,7059,24921,52.31,0.77,441584824,0.032
2021-05-20,588354,6840,23939,52.31,0.76,442590750,0.031
2021-05-21,588970,6665,23393,52.31,0.76,443572758,0.03
2021-05-22,589468,6472,22637,52.31,0.78,444280937,0.028
2021-05-23,589666,6412,22438,46.76,0.79,444688556,0.028
2021-05-24,590112,6418,22412,46.76,0.79,445398174,0.028
2021-05-25,590746,6310,22071,46.76,0.78,446469974,0.028
2021-05-26,591725,6139,21579,46.76,0.76,447516787,0.028
2021-05-27,593087,5998,21029,46.76,0.75,448441647,0.027
2021-05-28,593650,5776,20367,46.76,0.72,449276888,0.027
2021-05-29,593983,5603,19448,46.76,0.71,449855076,0.026
2021-05-30,594118,5521,19037,46.76,0.71,450214196,0.025
2021-05-31,594271,5538,18653,46.76,0.72,450529419,0.023
2021-06-01,594922,5488,18629,46.76,0.76,451234724,0.025
2021-06-02,595481,5319,18062,46.76,0.76,452342110,0.024
2021-06-03,596100,5172,17607,46.76,0.77,453328793,0.022
2021-06-04,596627,4992,16949,46.76,0.78,454197389,0.02
2021-06-05,597012,4765,16281,46.76,0.81,454813912,0.021
2021-06-06,597184,4675,15973,46.76,0.83,455184191,0.02
2021-06-07,597502,4683,15726,46.76,0.84,455829014,0.021
2021-06-08,597844,4608,15614,46.76,0.85,456720254,0.018
2021-06-09,598295,4479,15247,46.76,0.86,457596751,0.019
2021-06-10,598728,4383,14816,46.76,0.86,458389410,0.019
2021-06-11,599379,4300,14397,46.76,0.87,459162529,0.021
2021-06-12,599673,4185,13917,46.76,0.86,459725627,0.02
2021-06-13,599787,4048,13935,46.76,0.85,460075288,0.02
2021-06-14,599968,4067,13899,58.8,0.84,460676051,0.02
2021-06-15,600289,3940,13691,58.8,0.83,461507558,0.02
2021-06-16,600666,3881,13463,58.8,0.83,462295936,0.019
2021-06-17,600952,3806,13066,58.8,0.84,463016202,0.018
2021-06-18,601552,3737,12829,58.8,0.87,463704318,0.018
2021-06-19,601725,3671,12467,58.8,0.9,464198803,0.018
2021-06-20,601814,3661,12484,58.8,0.92,464530418,0.018
2021-06-21,602091,3707,12578,61.57,0.94,465095908,0.018
2021-06-22,602419,3743,12521,61.57,0.95,465871552,0.018
2021-06-23,602800,3699,12598,61.57,0.96,466631314,0.018
2021-06-24,603145,3635,12378,61.57,0.99,467319566,0.019
2021-06-25,603643,3616,12393,61.57,1.01,467988188,0.02
2021-06-26,603793,3560,12224,61.57,1.03,468478571,0.019
2021-06-27,603870,3522,12220,61.57,1.05,468815404,0.019
2021-06-28,604025,3615,12494,61.57,1.07,469360835,0.02
2021-06-29,604343,3675,12642,61.57,1.06,470052581,0.021
2021-06-30,604594,3672,12862,61.57,1.08,470722688,0.021
2021-07-01,604904,3614,12846,61.57,1.11,471357593,0.022
2021-07-02,605380,4027,14231,61.57,1.13,471951307,0.024
2021-07-03,605462,3753,12902,61.57,1.15,472392851,0.024
2021-07-04,605499,3777,13110,61.57,1.17,472648735,0.024
2021-07-05,605550,3882,13420,61.57,1.22,472951949,0.023
2021-07-06,605891,3978,13958,61.57,1.35,473533761,0.027
2021-07-07,606186,4131,14648,61.57,1.41,474304496,0.029
2021-07-08,606446,4296,15053,49.54,1.44,475020944,0.03
2021-07-09,606953,4367,15387,49.54,1.46,475679364,0.035
2021-07-10,607093,4441,15687,49.54,1.46,476162867,0.035
2021-07-11,607124,4636,16374,49.54,1.47,476502097,0.035
2021-07-12,607370,4882,17307,49.54,1.49,477082733,0.04
2021-07-13,607728,5071,18172,49.54,1.49,477815171,0.039
2021-07-14,608063,5252,19054,49.54,1.5,478567167,0.041
2021-07-15,608349,5472,19884,49.54,1.51,479328232,0.043
2021-07-16,608745,5783,20847,49.54,1.53,480045752,0.05
2021-07-17,608819,5993,21570,49.54,1.52,480567801,0.05
2021-07-18,608960,6273,22555,49.54,1.52,480960683,0.051
2021-07-19,609178,6717,24244,49.54,1.53,481610741,0.054
2021-07-20,609471,7115,25680,49.54,1.53,482501851,0.055
2021-07-21,609810,7407,27040,49.54,1.55,483419566,0.058
2021-07-22,610141,7685,28571,49.54,1.55,484326068,0.062
2021-07-23,610671,8097,30267,49.54,1.54,485197329,0.068
2021-07-24,610792,8418,31436,49.54,1.52,485845537,0.069
2021-07-25,610838,8866,33372,49.54,1.51,486332849,0.068
2021-07-26,611116,9447,35716,49.54,1.51,487108449,0.073
2021-07-27,611560,9993,38264,49.54,1.5,488130697,0.076
2021-07-28,611951,10376,40450,49.54,1.49,489223091,0.077
2021-07-29,612277,10916,42165,49.54,1.49,490316186,0.078
2021-07-30,613173,11460,44501,49.54,1.5,491349598,0.088
2021-07-31,613327,12107,46387,49.54,1.47,492108010,0.087
2021-08-01,613405,12696,48500,49.54,1.45,492669594,0.088
2021-08-02,613866,13494,51764,49.54,1.43,493623671,0.092
2021-08-03,614454,14049,54420,49.54,1.42,494872867,0.094
2021-08-04,614950,14632,56894,49.54,1.39,496177922,0.095
2021-08-05,615493,15189,59520,49.54,1.39,497538829,0.095
2021-08-06,616650,15729,62044,49.54,1.37,498851778,0.1
2021-08-07,616881,16157,63462,49.54,1.35,499842788,0.098
2021-08-08,617006,16781,66288,49.54,1.33,500547503,0.097
2021-08-09,617514,17701,69764,49.54,1.32,501655959,0.102
2021-08-10,618321,18257,72445,56.02,1.28,503060641,0.1
2021-08-11,618672,19007,74774,56.02,1.27,504561963,0.103
2021-08-12,619300,19529,76890,56.02,1.25,506059580,0.102
2021-08-13,621199,20069,78499,56.02,1.24,507555909,0.104
2021-08-14,621448,20393,79539,56.02,1.23,508666789,0.102
2021-08-15,621624,21067,81543,56.02,1.23,509447626,0.103
2021-08-16,622321,21665,84234,56.02,1.22,510693978,0.104
2021-08-17,623305,22293,86657,56.02,1.19,512266495,0.105
2021-08-18,624463,22689,88557,56.02,1.18,513925317,0.103
2021-08-19,625383,23022,89318,56.02,1.17,515532679,0.104
2021-08-20,628037,23393,90095,56.02,1.17,517017558,0.107
2021-08-21,628550,23643,90316,56.02,1.17,518146895,0.109
2021-08-22,628725,24073,92137,56.02,1.16,518954418,0.108
2021-08-23,629637,24548,94582,56.02,1.15,520188905,0.111
2021-08-24,631009,25045,95884,56.02,1.12,521906143,0.11
2021-08-25,632474,25058,95944,56.02,1.11,523761478,0.109
2021-08-26,633770,25234,96217,56.02,1.11,525615497,0.108
2021-08-27,636856,25324,95909,56.02,1.11,527398127,0.105
2021-08-28,637395,25412,94930,56.02,1.11,528729635,0.102
2021-08-29,637683,25768,95984,56.02,1.12,529640177,0.102
2021-08-30,638857,25907,97007,57.87,1.12,530959855,0.104
2021-08-31,640189,25893,97670,57.87,1.08,532598612,0.105
2021-09-01,642162,25962,97888,57.87,1.07,534136282,0.113
2021-09-02,643750,26013,97723,57.87,1.04,535368142,0.119
2021-09-03,647579,25971,96772,57.87,1.02,536332284,0.128
2021-09-04,648106,25619,94958,57.87,1.02,536925419,0.14
2021-09-05,648468,25631,95111,57.87,1.02,NA,NA
2021-09-06,648998,25835,95823,57.87,1.02,NA,NA
2021-09-07,650511,26006,96540,NA,1.08,NA,NA
2021-09-08,652657,25854,95530,NA,1.09,NA,NA
2021-09-09,654583,25852,95525,NA,NA,NA,NA
2021-09-10,658992,NA,NA,NA,NA,NA,NA
